true,pred,raw,latency_ms,name
0,0,RESPONDENT,441.99149985797703,McNeill v. United States
0,0,RESPONDENT,132.61649990454316,Chevron Oil Company v. Huson
0,0,RESPONDENT,116.24779994599521,DeShaney v. Winnebago County Department of Social Services
1,0,RESPONDENT,117.43430001661181,Alabama Legislative Black Caucus v. Alabama
1,1,PETITIONER,118.9966001547873,United States v. Bestfoods
1,0,RESPONDENT,114.36089989729226,Smith v. Cain
0,0,RESPONDENT,115.88430008850992,Trump v. Vance
1,0,RESPONDENT,137.44039996527135,"Meghrig v. KFC Western, Inc."
1,0,RESPONDENT,159.06609990634024,Wellness International Network v. Sharif
0,0,RESPONDENT,141.40590000897646,"Kingsley Books, Inc. v. Brown"
0,0,RESPONDENT,139.9761000648141,Baze v. Rees
1,0,RESPONDENT,141.52600010856986,Barr v. Matteo
1,0,RESPONDENT,139.59769997745752,Credit Suisse Securities (USA) LLC v. Billing
0,0,RESPONDENT,139.67239996418357,Monge v. California
1,0,RESPONDENT,136.02450001053512,United States v. Fordice
1,0,RESPONDENT,138.33809993229806,Allen v. Wright
0,0,RESPONDENT,136.91330002620816,Strickler v. Greene
1,0,RESPONDENT,143.0407001171261,Schindler Elevator Corp. v. United States ex rel. Kirk
0,0,RESPONDENT,151.01419994607568,Firefighters v. City of Cleveland
0,0,RESPONDENT,135.79909992404282,Regions Hospital v. Shalala
1,0,RESPONDENT,142.02490006573498,Kansas v. Garcia
0,0,RESPONDENT,152.86080003716052,United States v. Kwai Fun Wong
1,0,RESPONDENT,134.3404999934137,Hawaii Housing Authority v. Midkiff
0,0,RESPONDENT,136.4377001300454,Rita v. United States
0,0,RESPONDENT,142.64299999922514,Will v. Hallock
0,0,RESPONDENT,139.80149989947677,Jones v. Mississippi
0,0,RESPONDENT,134.99619998037815,Setser v. United States
0,0,RESPONDENT,139.28609993308783,"Klein & Co. Futures, Inc. v. Board of Trade of the City of New York"
1,0,RESPONDENT,129.78380010463297,Arkansas v. Farm Credit Services of Central Arkansas
1,0,RESPONDENT,132.01649999246,Crawford-El v. Britton
0,0,RESPONDENT,149.9646999873221,Abramski v. United States
0,0,RESPONDENT,131.4151999540627,Dolan v. United States
0,0,RESPONDENT,134.70040005631745,Bartlett v. Strickland
0,0,RESPONDENT,134.96390008367598,Kalina v. Fletcher
1,0,RESPONDENT,135.0515999365598,"Nynex Corporation v. Discon, Inc."
1,0,RESPONDENT,136.9391002226621,Melendez-Diaz v. Massachusetts
1,0,RESPONDENT,133.214799920097,World-Wide Volkwagen Corporation v. Woodson
1,0,RESPONDENT,147.7957998868078,Environmental Defense v. Duke Energy Corp.
1,0,RESPONDENT,137.57040002383292,"National Organization for Women, Inc. v. Scheidler"
0,0,RESPONDENT,146.35910000652075,Herrera v. Collins
0,0,RESPONDENT,131.3121998682618,"Rush Prudential HMO, Inc. v. Moran"
1,0,RESPONDENT,137.6958000473678,Shaw v. United States
0,0,RESPONDENT,136.7464999202639,DeBacker v. Brainard
0,0,RESPONDENT,137.44439999572933,Johnson v. United States
1,1,PETITIONER,152.31560007669032,Puerto Rico v. Branstad
1,0,RESPONDENT,142.88220019079745,American Tobacco Company v. Patterson
0,0,RESPONDENT,136.0925999470055,Exxon Corp v. Allapattah Services
0,0,RESPONDENT,137.90789991617203,Marrama v. Citizens Bank of Massachusetts
1,0,RESPONDENT,137.3408001381904,Office of Personnel Management v. Richmond
0,0,RESPONDENT,143.15670006908476,"Watters v. Wachovia Bank, N.A."
1,0,RESPONDENT,131.93299993872643,Mitchell v. Helms
1,0,RESPONDENT,139.41810000687838,Wisconsin Department of Health and Family Services v. Blumer
0,0,RESPONDENT,137.62140017934144,Link v. Wabash Railroad Company
1,0,RESPONDENT,136.05279987677932,Steagald v. United States
1,0,RESPONDENT,133.1027999985963,"Lehigh Valley Cooperative Farmers, Inc. v. United States"
0,0,RESPONDENT,146.45470003597438,"City of Hays, Kansas v. Vogt"
1,0,RESPONDENT,140.17400005832314,"Omnicare, Inc. v. Laborers District Council Construction Industry Pension Fund"
0,0,RESPONDENT,136.0640001948923,Pacific Gas & Electric Company v. State Energy Resources Conservation and Development Commission
1,0,RESPONDENT,134.14529990404844,Sole v. Wyner
0,0,RESPONDENT,139.01970000006258,Tuan Anh Nguyen v. Immigration and Naturalization Service
1,1,PETITIONER,142.3327000811696,United States v. Dominguez Benitez
0,0,RESPONDENT,146.39630005694926,"American Trucking Associations, Inc. v. United States"
0,0,RESPONDENT,130.6783000472933,Davis v. Mann
0,1,PETITIONER,132.94009980745614,Judd v. United States Dist. Court for Western Dist. of Tex.
0,0,RESPONDENT,134.00009996257722,Local 28 of the Sheet Metal Workers' International Association v. Equal Employment Opportunity Commission
1,0,RESPONDENT,136.90790021792054,Minnesota v. Murphy
0,0,RESPONDENT,131.4793999772519,Commissioner of Internal Revenue v. Groetzinger
1,0,RESPONDENT,132.94140016660094,CompuCredit Corp. v. Greenwood
0,0,RESPONDENT,132.15920003131032,Tolentino v. New York
1,0,RESPONDENT,134.1789998114109,Griffin v. Breckenridge
0,0,RESPONDENT,134.55819990485907,Unite Here Local 355 v. Mulhall
1,0,RESPONDENT,140.43039991520345,14 Penn Plaza LLC v. Pyett
1,1,PETITIONER,135.75070002116263,Yates v. United States
0,0,RESPONDENT,133.7737999856472,Missouri v. Jenkins
1,0,RESPONDENT,132.42150004953146,"Verizon Communications, Inc. v. Law Offices of Curtis V. Trinco, LLP"
1,0,RESPONDENT,135.64869994297624,United States v. Balsys
0,0,RESPONDENT,134.30580007843673,Kawashima v. Holder
1,0,RESPONDENT,140.28930012136698,Cutter v. Wilkinson
1,0,RESPONDENT,137.01469986699522,Federal Communications Commission v. Pacifica Foundation
1,0,RESPONDENT,136.76230004057288,Holguin-Hernandez v. United States
0,0,RESPONDENT,145.8691000007093,"Texas Dept. of Housing and Community Affairs v. Inclusive Communities Project, Inc."
0,0,RESPONDENT,143.75740010291338,Cooper v. Harris
0,0,RESPONDENT,141.43349998630583,Missouri v. McNeely
1,0,RESPONDENT,137.96030008234084,Hui v. Castaneda
1,0,RESPONDENT,137.21650000661612,Illinois v. McArthur
0,0,RESPONDENT,135.64740004949272,Federal Maritime Commission v. South Carolina State Ports Authority
1,0,RESPONDENT,171.53799999505281,Boumediene v. Bush
0,0,RESPONDENT,134.95410000905395,"New York Times Company, Inc. v. Tasini"
1,0,RESPONDENT,143.41429993510246,Harbor Tug & Barge Company v. Papai
0,0,RESPONDENT,133.4558001253754,Ford Motor Co. v. McCauley
0,0,RESPONDENT,131.33949995972216,"Bonito Boats, Inc. v. Thunder Craft Boats, Inc."
1,0,RESPONDENT,131.70060003176332,Austin v. United States
1,0,RESPONDENT,139.64980002492666,Carey v. Musladin
0,0,RESPONDENT,137.41600001230836,"Merrill Lynch, Pierce, Fenner & Smith, Inc. v. Manning"
0,1,PETITIONER,132.06150010228157,Wooley v. Maynard
1,0,RESPONDENT,134.11910017021,United States v. Tohono O'odham Nation
1,0,RESPONDENT,138.46340007148683,Rodriguez v. Federal Deposit Insurance Corp.
0,0,RESPONDENT,133.17589997313917,Alexander v. United States
0,0,RESPONDENT,131.55329995788634,United States v. Sioux Nation of Indians
1,0,RESPONDENT,133.6975998710841,Horne v. Flores
0,0,RESPONDENT,138.74950003810227,"Northeast Bancorp, Inc. v. Board of Governors of the Federal Reserve System"
0,0,RESPONDENT,125.87230000644922,Safford Unified School District v. Redding
1,0,RESPONDENT,121.26799998804927,Texas v. Cobb
1,0,RESPONDENT,128.96230001933873,Kellogg Brown & Root v. U.S. ex rel. Carter
1,0,RESPONDENT,137.24810001440346,Wetzel v. Lambert
1,0,RESPONDENT,121.48129986599088,Bell v. Cone
0,0,RESPONDENT,132.43270013481379,Meyer v. United States
0,0,RESPONDENT,114.28830004297197,United States Department of Agriculture v. Moreno
1,0,RESPONDENT,117.4836999271065,United States v. Matlock
1,0,RESPONDENT,115.49349990673363,"Cooper Industries, Inc. v. Aviall Services, Inc."
1,0,RESPONDENT,126.85139989480376,Republic of Sudan v. Harrison
0,0,RESPONDENT,109.52000017277896,Norfolk & Western Railway Company v. Ayers
1,0,RESPONDENT,132.36479996703565,City of Oklahoma City v. Tuttle
1,0,RESPONDENT,119.10829995758832,Packingham v. North Carolina
0,0,RESPONDENT,117.73440008983016,"Buckhannon Board & Care Home, Inc. v. West Virginia Department of Health & Human Resources"
1,0,RESPONDENT,130.26330014690757,"Exxon Corporation v. Central Gulf Lines, Inc."
0,0,RESPONDENT,133.4571000188589,U.S. Patent and Trademark Office v. Booking.com B.V.
0,0,RESPONDENT,118.67180000990629,"Florida Department of State v. Treasure Salvors, Inc."
1,0,RESPONDENT,118.12219978310168,Zacchini v. Scripps-Howard Broadcasting Company
0,0,RESPONDENT,122.13200004771352,R.G. & G.R. Harris Funeral Homes Inc. v. Equal Employment Opportunity Commission
0,0,RESPONDENT,119.35399984940886,"Yamaha Motor Corporation, U.S.A. v. Calhoun"
1,0,RESPONDENT,117.92089999653399,Stolt-Nielsen v. Animalfeeds International Corp.
1,0,RESPONDENT,154.8299000132829,Massachusetts v. Sheppard
1,0,RESPONDENT,142.68699986860156,"A Book Named ""John Cleland's Memoirs of a Woman of Pleasure"" v. Attorney General of Massachusetts"
0,0,RESPONDENT,144.27339984104037,Neal v. United States
0,0,RESPONDENT,139.54140013083816,Dietz v. Bouldin
1,0,RESPONDENT,138.86899990029633,National Cable & Telecommunications Assocation v. Brand X Internet Services
1,0,RESPONDENT,141.3199999369681,Rutan v. Republican Party of Illinois
0,0,RESPONDENT,142.25520007312298,Gebser v. Lago Vista Independent School District
0,0,RESPONDENT,137.82950001768768,Supreme Court of Virginia v. Friedman
1,0,RESPONDENT,132.03420001082122,Goldman Sachs Group Inc. v. Arkansas Teacher Retirement System
0,0,RESPONDENT,137.26690015755594,Boeing Company v. United States
0,0,RESPONDENT,132.85279995761812,Edwards v. Vannoy
1,1,PETITIONER,138.38540017604828,Arnett v. Kennedy
0,0,RESPONDENT,144.95899993926287,Stewart v. Martinez-Villareal
1,1,PETITIONER,137.16939999721944,Argersinger v. Hamlin
0,0,RESPONDENT,142.94590009376407,"Hall Street Associates, L.L.C. v. Mattel, Inc."
1,0,RESPONDENT,144.82400007545948,In re Primus
0,0,RESPONDENT,142.5577001646161,American Pipe & Construction Company v. Utah
1,0,RESPONDENT,136.91290002316236,Kimbrough v. United States
1,0,RESPONDENT,138.78929987549782,"Water Splash, Inc. v. Menon"
1,0,RESPONDENT,148.17499998025596,Halo Electronics v. Pulse Electronics Inc.
1,0,RESPONDENT,134.67589998617768,Securities and Exchange Commission v. Zandford
0,0,RESPONDENT,132.6657000463456,United States v. Stevens
0,0,RESPONDENT,139.41730000078678,Kahler v. Kansas
0,0,RESPONDENT,133.8713001459837,McNeil v. Wisconsin
0,0,RESPONDENT,138.18909996189177,Chaidez v. United States
1,0,RESPONDENT,130.03570004366338,Raytheon Company v. Hernandez
0,0,RESPONDENT,134.07330005429685,Cantwell v. Connecticut
0,0,RESPONDENT,134.941800031811,Hodges v. United States
1,0,RESPONDENT,143.3596999850124,"Jesinoski v. Countrywide Home Loans, Inc."
1,0,RESPONDENT,131.98329997248948,"Capital Cities Cable, Inc. v. Crisp"
0,0,RESPONDENT,135.8789000660181,"Hartford Underwriters Ins. Company v. Union Planters Bank, N.A."
0,0,RESPONDENT,139.21989989466965,United States v. Place
0,0,RESPONDENT,132.4585999827832,United States v. Cabrales
0,0,RESPONDENT,139.51599993743002,Alabama v. Bozeman
1,0,RESPONDENT,134.51840006746352,Georgia v. McCollum
1,0,RESPONDENT,135.94490010291338,County of Sacramento v. Lewis
0,0,RESPONDENT,147.5349001120776,"Washington State Department of Licensing v. Cougar Den, Inc."
0,0,RESPONDENT,155.94800002872944,CITGO Asphalt Refining Co. v. Frescati Shipping Co.
1,0,RESPONDENT,139.57839994691312,Abbott v. Abbott
1,0,RESPONDENT,141.5405001025647,Moncrieffe v. Holder
1,0,RESPONDENT,139.45730007253587,Gottschalk v. Benson
1,0,RESPONDENT,130.62110007740557,Espinoza v. Montana Department of Revenue
0,0,RESPONDENT,148.48660002462566,Tennessee Student Assistance Corporation v. Hood
0,0,RESPONDENT,145.7654999103397,Wittman v. Personhuballah
1,0,RESPONDENT,143.94169999286532,United States v. Darby
0,1,PETITIONER,152.3743998259306,United States v. Butler
1,0,RESPONDENT,141.18519984185696,"Nautilus, Inc. v. Biosig Instruments, Inc."
0,0,RESPONDENT,153.65729993209243,Commissioner of Internal Revenue v. Engle
0,0,RESPONDENT,134.80490003712475,Lopez v. Davis
0,0,RESPONDENT,140.81150013953447,Currier v. Virginia
0,0,RESPONDENT,143.27170001342893,United States v. Stauffer Chemical Company
0,1,PETITIONER,140.63889998942614,Eisenstadt v. Baird
1,0,RESPONDENT,147.07689988426864,United States v. Shotwell Manufacturing Company
1,0,RESPONDENT,146.05379989370704,Shelley v. Kraemer
1,0,RESPONDENT,143.57489999383688,Colorado Republican Federal Campaign Committee v. Federal Election Commission
0,0,RESPONDENT,140.10170008987188,"International Society for Krishna Consciousness, Inc. v. Lee"
1,0,RESPONDENT,142.31069991365075,Vella v. Ford Motor Company
1,0,RESPONDENT,149.30499996989965,Jones v. United States
0,0,RESPONDENT,152.39470009692013,Bilski v. Kappos
0,0,RESPONDENT,154.18089996092021,"Syngenta Crop Protection, Inc. v. Henson"
1,0,RESPONDENT,143.7794000376016,Franklin v. Gwinnett County Public Schools
1,0,RESPONDENT,146.9960999675095,Beard v. Kindler
1,1,PETITIONER,137.25789985619485,United States v. Robinson
1,0,RESPONDENT,140.34050004556775,Kisela v. Hughes
0,0,RESPONDENT,142.17569981701672,United States v. Brown
1,0,RESPONDENT,140.9307001158595,Descamps v. United States
0,0,RESPONDENT,141.73940010368824,"Energy Reserves Group, Inc. v. Kansas City Power & Light Company"
0,0,RESPONDENT,144.00379988364875,City of Monterey v. Del Monte Dunes at Monterey
1,0,RESPONDENT,142.16519985347986,Oregon v. Mitchell
1,0,RESPONDENT,145.48079995438457,Arizona v. California
0,0,RESPONDENT,140.60500008054078,"Heart of Atlanta Motel, Inc. v. United States"
1,0,RESPONDENT,137.43520015850663,North Carolina v. Butler
0,0,RESPONDENT,136.83520001359284,"American Radio Assn., AFL-CIO v. Mobile Steamship Assn., Inc."
1,0,RESPONDENT,143.21890007704496,Rice v. Cayetano
0,0,RESPONDENT,137.495799921453,PruneYard Shopping Center v. Robins
0,0,RESPONDENT,137.79990002512932,Johnson v. California
1,0,RESPONDENT,142.12169987149537,"Pearson, et al. v. Callahan"
1,0,RESPONDENT,137.64910004101694,Monroe v. Pape
